Id,Email Address
138,mnmwuhasdwqweqw
141,cynvhupf@gmail.com
155,doznfpxy@gmail.com
156,ufpgolgelastqxaoi
160,rdvafvkummnuj@yahooo.com
160,rvkwwlntnchl@yahooo.com
162,hrgsyomuf@gmail.com
169,spiltjsn@yahooo.com
173,mtrhitjlqw@gmail.com
175,oerdomqxcb@gmail.com
177,ojsasdweeewq
196,jasdwweeeq
211,gilmivlrwnfbss@yahooo.com
212,anuaackiokhac@yahooo.com
220,roclrzpyjf@gmail.com
224,ahsjitbw@gmail.com
227,iupwkgasdweqeew
245,natzhmxfx@gmail.com
249,ungxqtzk@gmail.com
252,fbdvsxmz@gmail.com
258,dfhjmsfwzo@gmail.com
264,fctkqhbr@yahooo.com
268,rmykhpek@gmail.com
272,bkrfsjbxa@gmail.com
282,rvekpvpupelcp
283,cetxcilthi@gmail.com
292,fdwtktzb@gmail.com
296,cigudlhqgo@yahooo.com
298,gasdeqeqwe
299,yhgsbbuwi@gmail.com
299,axnnkyzfw@gmail.com
321,mfnuidsdkv@gmail.com
331,kmqukhckbhk@yahooo.com
338,bwfasdeqwqww
345,sidhmibmc@gmail.com
349,hajdffrjjt@gmail.com
351,xpkgzqlonx@gmail.com
351,vfbudpenpu@gmail.com
353,larmsherg@gmail.com
358,chfbukyfq@gmail.com
359,riaotsnqb@yahooo.com
375,ufhkwbpawf@gmail.com
378,immznovrvt@gmail.com
382,uuvjkmvyz@gmail.com
390,ikxzclcijp@gmail.com
393,coxkbauib@gmail.com
412,epuaniefyc@gmail.com
418,udqxrdnm@yahooo.com
422,nuguxfaxahhv
424,yjsrgtbkrc@gmail.com
426,ajoxctasdwweeqe
436,giiempwyyb@gmail.com
438,qdvwzbhkei@gmail.com
449,okkasdewqeew
457,okryynvaa@gmail.com
457,vcywoyuf@gmail.com
458,qluwgvwiahgr
466,tbraplsn@gmail.com
469,lrxxvidjc@gmail.com
471,jbgpfqchyr@gmail.com
472,hnublhpdl@gmail.com
481,crrflbgh@gmail.com
497,xxhpreasdqeqwww
502,cqdwbnfkpd@yahooo.com
505,brkvboow@gmail.com
512,kvucccrmersslpxove
516,szpxrjagut@gmail.com
526,awgzgumb@gmail.com
527,ckkvrefqd@yahooo.com
530,cseccgfneb@gmail.com
533,sruptmen@gmail.com
541,yvhhukjn@gmail.com
542,elnhgwcbyv@gmail.com
543,kjnjlcxwti@yahooo.com
544,sviqhylb@gmail.com
551,jqmadasdqwqwww
561,yadbsvwvg@gmail.com
566,aaorvyysxf@gmail.com
566,xjmgparcc@gmail.com
572,ywcqscai@gmail.com
576,oxoqdxpgn@yahooo.com
580,ehzuneriqo@gmail.com
584,pqwmeexn@gmail.com
586,xukonboq@gmail.com
588,dasdwqqwww
589,rbaphprlucgmjux
595,amtwzsir@gmail.com
601,aphoiajgtwxk@yahooo.com
603,umxsdasdqwqeqq
605,udfdqqwr@gmail.com
606,kgbxxhcg@gmail.com
612,rvymiywr@gmail.com
615,gucwwzsvna@gmail.com
617,fetsvhueis@yahooo.com
622,vyhryvdws@gmail.com
631,xduplvccf@gmail.com
632,zaulskbal@gmail.com
634,zzoincwqj@gmail.com
638,gjltjnzveh@gmail.com
640,ncxasdeqwwwe
642,erbddjgrbovpts@yahooo.com
647,ctkchmorojwug
664,dmwzaxraky@gmail.com
679,lcprqplxuvmh
680,pkgiyzzek@gmail.com
693,bettkasdqwwqew
694,xioqnlwvexjfhwi
695,axxcclugn@gmail.com
697,axjwgwrebraowmxkq
701,pngkfuyi@gmail.com
702,jwgpyftju@gmail.com
706,endklheyf@gmail.com
713,xaygsobmj@gmail.com
719,hvadllcan@gmail.com
737,hasdwqeqwe
748,kjwhthatehggl
749,sjchuisi@gmail.com
749,quomwvasdqwewwe
758,mavxmlrofooa@yahooo.com
760,essrtfudqedpca
763,knyxtuhiky@gmail.com
766,txjtmqrpcucjq@yahooo.com
788,cvayqkmvp@gmail.com
789,wsekosltxcflae@yahooo.com
797,wlkshtyo@gmail.com
803,ciaswdupft@gmail.com
805,txbmspprkbwintgh
808,omgvtomjuujltvimfxqq
810,easgapxwumww@yahooo.com
811,sxflxpnlbpmkpxik
813,ksjaxtoouvadaehfooir
828,dtphkuwur@gmail.com
833,rhmasdqeeqwq
836,rfcgbxvpa@gmail.com
839,dwqehbqgmhsrqv@yahooo.com
843,bvvgtffhqenutfqkt
858,jxdwlnmo@gmail.com
858,zkpccwuyxg@gmail.com
866,scrissrlgofe@yahooo.com
867,dcvqqlgeds@gmail.com
869,ztvuqejs@gmail.com
873,vycrqymksj@gmail.com
879,umivtwugly@gmail.com
881,dfzlhbnqgn@gmail.com
886,jzftqqmsgg@gmail.com
887,pdinqfvjkmtoutpe
888,wlugzyqlho@gmail.com
890,ubacaqudlmkkeiivjhrh
892,gqjiromffb@gmail.com
894,tingcagmlqe@yahooo.com
894,dkhofbftkpelo@yahooo.com
896,lzsfpjtao@gmail.com
898,zebnwcxgyr@gmail.com
934,bexgeucdsh@yahooo.com
935,gxsasdeqqeqw
936,muxckttvbpl@yahooo.com
939,ewjrfvifdmcj@yahooo.com
940,pkasdeweqew
950,bjbkdhrbpru@yahooo.com
952,yjxvtmpu@gmail.com
952,qplgeulsca@gmail.com
956,gqlksquxy@gmail.com
977,mryphjpzmy@gmail.com
978,zibibnujl@gmail.com
980,iowkasdweqwqw
985,ptvqlffe@gmail.com
989,lzcrsiuo@gmail.com
991,iydthkxz@gmail.com
992,mpmwehcnjjntjvfnl
999,mphibnuxgtr@yahooo.com